MT-MLP,0.5,0.0,0.0,0.0,0.152,1.0,0.2638888888888889,0.7083999514579773,"{'lr': 0.1, 'hidden_dim': 64, 'num_layers': 2, 'lambda_aux': 0.01}"
MT-MLP,0.7736,0.8928571428571429,0.75,0.8152173913043479,0.3902439024390244,0.64,0.48484848484848486,0.5667731165885925,"{'lr': 0.1, 'hidden_dim': 64, 'num_layers': 1, 'lambda_aux': 0.01}"
MT-MLP,0.7897196261682243,0.9714285714285714,0.6355140186915887,0.768361581920904,0.2909090909090909,0.8888888888888888,0.4383561643835616,0.6289659738540649,"{'lr': 0.1, 'hidden_dim': 64, 'num_layers': 1, 'lambda_aux': 0.1}"
MT-MLP,0.4953271028037383,0.856,1.0,0.9224137931034483,0.0,0.0,0.0,0.6391444802284241,"{'lr': 0.1, 'hidden_dim': 64, 'num_layers': 2, 'lambda_aux': 0.1}"
MT-MLP,0.6440677966101694,0.9651162790697675,0.7033898305084746,0.8137254901960784,0.10256410256410256,0.5714285714285714,0.17391304347826086,0.6206389665603638,"{'lr': 0.1, 'hidden_dim': 64, 'num_layers': 3, 'lambda_aux': 0.01}"
MT-MLP,0.5,0.888,1.0,0.940677966101695,0.0,0.0,0.0,0.6931471824645996,"{'lr': 0.1, 'hidden_dim': 64, 'num_layers': 3, 'lambda_aux': 0.1}"
MT-MLP,0.5,0.0,0.0,0.0,0.128,1.0,0.22695035460992907,0.6931472420692444,"{'lr': 0.1, 'hidden_dim': 64, 'num_layers': 4, 'lambda_aux': 0.1}"
MT-MLP,0.5046296296296297,1.0,0.009259259259259259,0.018348623853211007,0.13709677419354838,1.0,0.2411347517730496,0.6931367516517639,"{'lr': 0.1, 'hidden_dim': 64, 'num_layers': 4, 'lambda_aux': 0.01}"
PretrainFT,0.5,0.88,1.0,0.9361702127659575,0.0,0.0,0.0,12.0,"{'lr_pre': 0.1, 'lr_fine': 0.1, 'num_layers': 1, 'hidden_dim': 64, 'lambda_aux': 0.01, 'pre_epochs': 100, 'fine_epochs': 100}"
PretrainFT,0.5,0.0,0.0,0.0,0.152,1.0,0.2638888888888889,84.80000305175781,"{'lr_pre': 0.1, 'lr_fine': 0.1, 'num_layers': 1, 'hidden_dim': 64, 'lambda_aux': 0.1, 'pre_epochs': 100, 'fine_epochs': 100}"
PretrainFT,0.5,0.0,0.0,0.0,0.168,1.0,0.28767123287671237,83.19999694824219,"{'lr_pre': 0.1, 'lr_fine': 0.1, 'num_layers': 2, 'hidden_dim': 64, 'lambda_aux': 0.1, 'pre_epochs': 100, 'fine_epochs': 100}"
PretrainFT,0.5,0.0,0.0,0.0,0.168,1.0,0.28767123287671237,83.19999694824219,"{'lr_pre': 0.1, 'lr_fine': 0.1, 'num_layers': 2, 'hidden_dim': 64, 'lambda_aux': 0.01, 'pre_epochs': 100, 'fine_epochs': 100}"
PretrainFT,0.5,0.0,0.0,0.0,0.104,1.0,0.18840579710144925,0.6935293674468994,"{'lr_pre': 0.1, 'lr_fine': 0.1, 'num_layers': 3, 'hidden_dim': 64, 'lambda_aux': 0.1, 'pre_epochs': 100, 'fine_epochs': 100}"
PretrainFT,0.5,0.0,0.0,0.0,0.152,1.0,0.2638888888888889,84.80000305175781,"{'lr_pre': 0.1, 'lr_fine': 0.1, 'num_layers': 4, 'hidden_dim': 64, 'lambda_aux': 0.01, 'pre_epochs': 100, 'fine_epochs': 100}"
Decoupled,0.856651376146789,0.9615384615384616,0.6880733944954128,0.8021390374331551,0.2765957446808511,0.8125,0.4126984126984127,0.5882392525672913,"{'lr': 0.01, 'hidden_dim': 64, 'num_layers': 1, 'lambda_aux': 0.01}"
Decoupled,0.8561946902654867,0.9879518072289156,0.7256637168141593,0.836734693877551,0.2619047619047619,0.9166666666666666,0.4074074074074074,0.5611394047737122,"{'lr': 0.01, 'hidden_dim': 64, 'num_layers': 1, 'lambda_aux': 0.1}"
PretrainFT,0.5215022935779816,0.8770491803278688,0.981651376146789,0.9264069264069265,0.3333333333333333,0.0625,0.10526315789473684,1.4807192087173462,"{'lr_pre': 0.1, 'lr_fine': 0.1, 'num_layers': 3, 'hidden_dim': 64, 'lambda_aux': 0.01, 'pre_epochs': 100, 'fine_epochs': 100}"
PretrainFT,0.5,0.0,0.0,0.0,0.2,1.0,0.33333333333333337,0.693572998046875,"{'lr_pre': 0.1, 'lr_fine': 0.1, 'num_layers': 4, 'hidden_dim': 64, 'lambda_aux': 0.1, 'pre_epochs': 100, 'fine_epochs': 100}"
Decoupled,0.8515392254220457,0.9846153846153847,0.6037735849056604,0.7485380116959065,0.3,0.9473684210526315,0.4556962025316456,0.5424934029579163,"{'lr': 0.01, 'hidden_dim': 64, 'num_layers': 2, 'lambda_aux': 0.1}"
Decoupled,0.8349673202614378,0.9605263157894737,0.6759259259259259,0.7934782608695653,0.2857142857142857,0.8235294117647058,0.42424242424242414,0.5859627723693848,"{'lr': 0.01, 'hidden_dim': 64, 'num_layers': 2, 'lambda_aux': 0.01}"
Decoupled,0.851994851994852,0.984375,0.5675675675675675,0.7200000000000001,0.21311475409836064,0.9285714285714286,0.3466666666666666,0.5638204216957092,"{'lr': 0.01, 'hidden_dim': 64, 'num_layers': 3, 'lambda_aux': 0.1}"
Decoupled,0.7806707855251545,0.9344262295081968,0.5533980582524272,0.695121951219512,0.28125,0.8181818181818182,0.41860465116279066,0.6597242951393127,"{'lr': 0.01, 'hidden_dim': 64, 'num_layers': 3, 'lambda_aux': 0.01}"
Decoupled,0.7643348623853211,0.9583333333333334,0.6330275229357798,0.7624309392265193,0.24528301886792453,0.8125,0.37681159420289856,0.6166591048240662,"{'lr': 0.01, 'hidden_dim': 64, 'num_layers': 4, 'lambda_aux': 0.01}"
Decoupled,0.7770673486786018,0.9473684210526315,0.5294117647058824,0.679245283018868,0.29411764705882354,0.8695652173913043,0.4395604395604396,0.6916645765304565,"{'lr': 0.01, 'hidden_dim': 64, 'num_layers': 4, 'lambda_aux': 0.1}"
MT-MLP,0.5045045045045045,1.0,0.009009009009009009,0.01785714285714286,0.11290322580645161,1.0,0.2028985507246377,0.6931306719779968,"{'lr': 0.1, 'hidden_dim': 64, 'num_layers': 2, 'lambda_aux': 0.1}"
MT-MLP,0.5094339622641509,0.0,0.0,0.0,0.152,1.0,0.2638888888888889,0.69610595703125,"{'lr': 0.1, 'hidden_dim': 64, 'num_layers': 1, 'lambda_aux': 0.1}"
MT-MLP,0.5,0.0,0.0,0.0,0.128,1.0,0.22695035460992907,0.6931473016738892,"{'lr': 0.1, 'hidden_dim': 64, 'num_layers': 2, 'lambda_aux': 0.01}"
MT-MLP,0.8109090909090909,0.9493670886075949,0.6818181818181818,0.7936507936507935,0.2391304347826087,0.7333333333333333,0.36065573770491804,0.61055588722229,"{'lr': 0.1, 'hidden_dim': 64, 'num_layers': 1, 'lambda_aux': 0.01}"
MT-MLP,0.5,0.872,1.0,0.9316239316239316,0.0,0.0,0.0,0.6931467056274414,"{'lr': 0.1, 'hidden_dim': 64, 'num_layers': 3, 'lambda_aux': 0.01}"
MT-MLP,0.4951923076923077,0.0,0.0,0.0,0.168,1.0,0.28767123287671237,0.6931475400924683,"{'lr': 0.1, 'hidden_dim': 64, 'num_layers': 3, 'lambda_aux': 0.1}"
MT-MLP,0.5,0.0,0.0,0.0,0.12,1.0,0.21428571428571425,0.6931472420692444,"{'lr': 0.1, 'hidden_dim': 64, 'num_layers': 4, 'lambda_aux': 0.01}"
MT-MLP,0.5,0.0,0.0,0.0,0.128,1.0,0.22695035460992907,0.6931472420692444,"{'lr': 0.1, 'hidden_dim': 64, 'num_layers': 4, 'lambda_aux': 0.1}"
PretrainFT,0.5,0.864,1.0,0.9270386266094421,0.0,0.0,0.0,13.600000381469727,"{'lr_pre': 0.1, 'lr_fine': 0.1, 'num_layers': 1, 'hidden_dim': 64, 'lambda_aux': 0.1, 'pre_epochs': 100, 'fine_epochs': 100}"
PretrainFT,0.5,0.896,1.0,0.9451476793248946,0.0,0.0,0.0,10.399999618530273,"{'lr_pre': 0.1, 'lr_fine': 0.1, 'num_layers': 2, 'hidden_dim': 64, 'lambda_aux': 0.01, 'pre_epochs': 100, 'fine_epochs': 100}"
PretrainFT,0.5,0.0,0.0,0.0,0.096,1.0,0.1751824817518248,90.4000015258789,"{'lr_pre': 0.1, 'lr_fine': 0.1, 'num_layers': 1, 'hidden_dim': 64, 'lambda_aux': 0.01, 'pre_epochs': 100, 'fine_epochs': 100}"
PretrainFT,0.5,0.0,0.0,0.0,0.144,1.0,0.2517482517482518,85.5999984741211,"{'lr_pre': 0.1, 'lr_fine': 0.1, 'num_layers': 2, 'hidden_dim': 64, 'lambda_aux': 0.1, 'pre_epochs': 100, 'fine_epochs': 100}"
PretrainFT,0.5,0.0,0.0,0.0,0.136,1.0,0.23943661971830985,86.4000015258789,"{'lr_pre': 0.1, 'lr_fine': 0.1, 'num_layers': 3, 'hidden_dim': 64, 'lambda_aux': 0.01, 'pre_epochs': 100, 'fine_epochs': 100}"
PretrainFT,0.5,0.0,0.0,0.0,0.112,1.0,0.2014388489208633,0.6974877715110779,"{'lr_pre': 0.1, 'lr_fine': 0.1, 'num_layers': 3, 'hidden_dim': 64, 'lambda_aux': 0.1, 'pre_epochs': 100, 'fine_epochs': 100}"
PretrainFT,0.5,0.0,0.0,0.0,0.128,1.0,0.22695035460992907,87.19999694824219,"{'lr_pre': 0.1, 'lr_fine': 0.1, 'num_layers': 4, 'hidden_dim': 64, 'lambda_aux': 0.01, 'pre_epochs': 100, 'fine_epochs': 100}"
PretrainFT,0.5,0.896,1.0,0.9451476793248946,0.0,0.0,0.0,10.399999618530273,"{'lr_pre': 0.1, 'lr_fine': 0.1, 'num_layers': 4, 'hidden_dim': 64, 'lambda_aux': 0.1, 'pre_epochs': 100, 'fine_epochs': 100}"
Decoupled,0.7772331154684096,0.9466666666666667,0.6574074074074074,0.7759562841530054,0.26,0.7647058823529411,0.3880597014925373,0.5871706008911133,"{'lr': 0.01, 'hidden_dim': 64, 'num_layers': 1, 'lambda_aux': 0.01}"
Decoupled,0.824561403508772,0.975,0.6842105263157895,0.8041237113402062,0.2,0.8181818181818182,0.32142857142857145,0.6250956058502197,"{'lr': 0.01, 'hidden_dim': 64, 'num_layers': 1, 'lambda_aux': 0.1}"
Decoupled,0.8463302752293578,0.9620253164556962,0.6972477064220184,0.8085106382978724,0.2826086956521739,0.8125,0.41935483870967744,0.5634790062904358,"{'lr': 0.01, 'hidden_dim': 64, 'num_layers': 2, 'lambda_aux': 0.01}"
Decoupled,0.8017429193899782,0.9605263157894737,0.6759259259259259,0.7934782608695653,0.2857142857142857,0.8235294117647058,0.42424242424242414,0.5834670662879944,"{'lr': 0.01, 'hidden_dim': 64, 'num_layers': 2, 'lambda_aux': 0.1}"
Decoupled,0.8504672897196262,0.9512195121951219,0.7289719626168224,0.8253968253968254,0.32558139534883723,0.7777777777777778,0.459016393442623,0.5843982696533203,"{'lr': 0.01, 'hidden_dim': 64, 'num_layers': 3, 'lambda_aux': 0.01}"
Decoupled,0.7376190476190476,0.9078947368421053,0.6571428571428571,0.7624309392265194,0.2653061224489796,0.65,0.3768115942028986,0.5804170370101929,"{'lr': 0.01, 'hidden_dim': 64, 'num_layers': 3, 'lambda_aux': 0.1}"
Decoupled,0.6746411483253589,0.96875,0.543859649122807,0.6966292134831461,0.14754098360655737,0.8181818181818182,0.24999999999999997,0.6685611009597778,"{'lr': 0.01, 'hidden_dim': 64, 'num_layers': 4, 'lambda_aux': 0.01}"
Decoupled,0.7123809523809523,0.9242424242424242,0.580952380952381,0.7134502923976608,0.2542372881355932,0.75,0.37974683544303794,0.6599440574645996,"{'lr': 0.01, 'hidden_dim': 64, 'num_layers': 4, 'lambda_aux': 0.1}"
MT-MLP,0.5,0.808,1.0,0.8938053097345133,0.0,0.0,0.0,0.6931469440460205,"{'lr': 0.1, 'hidden_dim': 64, 'num_layers': 2, 'lambda_aux': 0.1}"
MT-MLP,0.7985462097611631,0.9452054794520548,0.6448598130841121,0.7666666666666666,0.2692307692307692,0.7777777777777778,0.39999999999999997,0.5835238099098206,"{'lr': 0.1, 'hidden_dim': 64, 'num_layers': 2, 'lambda_aux': 0.01}"
MT-MLP,0.8975757575757576,1.0,0.7363636363636363,0.8481675392670157,0.3409090909090909,1.0,0.5084745762711864,0.5060021281242371,"{'lr': 0.1, 'hidden_dim': 64, 'num_layers': 1, 'lambda_aux': 0.01}"
MT-MLP,0.6647361647361647,0.9186046511627907,0.7117117117117117,0.8020304568527918,0.1794871794871795,0.5,0.2641509433962264,0.6223692297935486,"{'lr': 0.1, 'hidden_dim': 64, 'num_layers': 1, 'lambda_aux': 0.1}"
MT-MLP,0.5,0.0,0.0,0.0,0.144,1.0,0.2517482517482518,0.6931472420692444,"{'lr': 0.1, 'hidden_dim': 64, 'num_layers': 4, 'lambda_aux': 0.1}"
MT-MLP,0.5,0.0,0.0,0.0,0.152,1.0,0.2638888888888889,0.6931475400924683,"{'lr': 0.1, 'hidden_dim': 64, 'num_layers': 3, 'lambda_aux': 0.01}"
MT-MLP,0.5,0.0,0.0,0.0,0.104,1.0,0.18840579710144925,0.693148136138916,"{'lr': 0.1, 'hidden_dim': 64, 'num_layers': 3, 'lambda_aux': 0.1}"
MT-MLP,0.5,0.0,0.0,0.0,0.152,1.0,0.2638888888888889,0.6931473612785339,"{'lr': 0.1, 'hidden_dim': 64, 'num_layers': 4, 'lambda_aux': 0.01}"
PretrainFT,0.5,0.88,1.0,0.9361702127659575,0.0,0.0,0.0,12.0,"{'lr_pre': 0.1, 'lr_fine': 0.1, 'num_layers': 1, 'hidden_dim': 64, 'lambda_aux': 0.1, 'pre_epochs': 100, 'fine_epochs': 100}"
PretrainFT,0.5,0.872,1.0,0.9316239316239316,0.0,0.0,0.0,12.800000190734863,"{'lr_pre': 0.1, 'lr_fine': 0.1, 'num_layers': 1, 'hidden_dim': 64, 'lambda_aux': 0.01, 'pre_epochs': 100, 'fine_epochs': 100}"
PretrainFT,0.5,0.0,0.0,0.0,0.112,1.0,0.2014388489208633,88.80000305175781,"{'lr_pre': 0.1, 'lr_fine': 0.1, 'num_layers': 2, 'hidden_dim': 64, 'lambda_aux': 0.01, 'pre_epochs': 100, 'fine_epochs': 100}"
PretrainFT,0.5,0.832,1.0,0.9082969432314411,0.0,0.0,0.0,16.799999237060547,"{'lr_pre': 0.1, 'lr_fine': 0.1, 'num_layers': 2, 'hidden_dim': 64, 'lambda_aux': 0.1, 'pre_epochs': 100, 'fine_epochs': 100}"
PretrainFT,0.5,0.0,0.0,0.0,0.08,1.0,0.14814814814814814,92.0,"{'lr_pre': 0.1, 'lr_fine': 0.1, 'num_layers': 3, 'hidden_dim': 64, 'lambda_aux': 0.01, 'pre_epochs': 100, 'fine_epochs': 100}"
PretrainFT,0.5,0.872,1.0,0.9316239316239316,0.0,0.0,0.0,12.800000190734863,"{'lr_pre': 0.1, 'lr_fine': 0.1, 'num_layers': 3, 'hidden_dim': 64, 'lambda_aux': 0.1, 'pre_epochs': 100, 'fine_epochs': 100}"
PretrainFT,0.5,0.848,1.0,0.9177489177489178,0.0,0.0,0.0,15.199999809265137,"{'lr_pre': 0.1, 'lr_fine': 0.1, 'num_layers': 4, 'hidden_dim': 64, 'lambda_aux': 0.01, 'pre_epochs': 100, 'fine_epochs': 100}"
PretrainFT,0.5,0.0,0.0,0.0,0.16,1.0,0.2758620689655173,84.0,"{'lr_pre': 0.1, 'lr_fine': 0.1, 'num_layers': 4, 'hidden_dim': 64, 'lambda_aux': 0.1, 'pre_epochs': 100, 'fine_epochs': 100}"
Decoupled,0.7821100917431193,0.9411764705882353,0.7339449541284404,0.8247422680412371,0.275,0.6875,0.3928571428571429,0.5529813766479492,"{'lr': 0.01, 'hidden_dim': 64, 'num_layers': 1, 'lambda_aux': 0.01}"
Decoupled,0.7522935779816514,0.9625,0.7064220183486238,0.8148148148148149,0.28888888888888886,0.8125,0.4262295081967213,0.6314955949783325,"{'lr': 0.01, 'hidden_dim': 64, 'num_layers': 1, 'lambda_aux': 0.1}"
Decoupled,0.7575285565939771,0.9367088607594937,0.6915887850467289,0.7956989247311828,0.2826086956521739,0.7222222222222222,0.40625,0.5563236474990845,"{'lr': 0.01, 'hidden_dim': 64, 'num_layers': 2, 'lambda_aux': 0.01}"
Decoupled,0.806047197640118,0.9696969696969697,0.5663716814159292,0.7150837988826816,0.1694915254237288,0.8333333333333334,0.2816901408450704,0.6371724605560303,"{'lr': 0.01, 'hidden_dim': 64, 'num_layers': 2, 'lambda_aux': 0.1}"
Decoupled,0.8391248391248392,0.9821428571428571,0.4954954954954955,0.6586826347305389,0.18840579710144928,0.9285714285714286,0.3132530120481928,0.6535690426826477,"{'lr': 0.01, 'hidden_dim': 64, 'num_layers': 3, 'lambda_aux': 0.01}"
Decoupled,0.791459781529295,0.9473684210526315,0.6792452830188679,0.7912087912087911,0.30612244897959184,0.7894736842105263,0.44117647058823534,0.5592925548553467,"{'lr': 0.01, 'hidden_dim': 64, 'num_layers': 3, 'lambda_aux': 0.1}"
Decoupled,0.793468667255075,0.9305555555555556,0.6504854368932039,0.7657142857142858,0.32075471698113206,0.7727272727272727,0.45333333333333337,0.554786741733551,"{'lr': 0.01, 'hidden_dim': 64, 'num_layers': 4, 'lambda_aux': 0.01}"
Decoupled,0.7889771598808342,0.9375,0.7075471698113207,0.8064516129032258,0.3111111111111111,0.7368421052631579,0.4375,0.6069106459617615,"{'lr': 0.01, 'hidden_dim': 64, 'num_layers': 4, 'lambda_aux': 0.1}"
MT-MLP,0.8,0.925,0.7047619047619048,0.8000000000000002,0.3111111111111111,0.7,0.43076923076923074,0.5594512224197388,"{'lr': 0.1, 'hidden_dim': 64, 'num_layers': 1, 'lambda_aux': 0.1}"
MT-MLP,0.7761904761904762,0.8974358974358975,0.6666666666666666,0.7650273224043715,0.2553191489361702,0.6,0.3582089552238805,0.6009933352470398,"{'lr': 0.1, 'hidden_dim': 64, 'num_layers': 1, 'lambda_aux': 0.1}"
MT-MLP,0.5042735042735043,1.0,0.008547008547008548,0.016949152542372885,0.06451612903225806,1.0,0.12121212121212122,0.6928081512451172,"{'lr': 0.1, 'hidden_dim': 64, 'num_layers': 1, 'lambda_aux': 0.1}"
MT-MLP,0.7619825708061003,0.9375,0.6944444444444444,0.7978723404255319,0.26666666666666666,0.7058823529411765,0.3870967741935483,0.6243515014648438,"{'lr': 0.1, 'hidden_dim': 64, 'num_layers': 1, 'lambda_aux': 0.1}"
MT-MLP,0.8108108108108109,0.972972972972973,0.6486486486486487,0.7783783783783784,0.23529411764705882,0.8571428571428571,0.36923076923076925,0.6465346813201904,"{'lr': 0.1, 'hidden_dim': 64, 'num_layers': 1, 'lambda_aux': 0.1}"
MT-MLP,0.858058608058608,0.9195402298850575,0.7692307692307693,0.837696335078534,0.3684210526315789,0.6666666666666666,0.4745762711864407,0.5055087208747864,"{'lr': 0.1, 'hidden_dim': 64, 'num_layers': 1, 'lambda_aux': 0.1}"
MT-MLP,0.8401191658391262,0.9397590361445783,0.7358490566037735,0.8253968253968254,0.3333333333333333,0.7368421052631579,0.4590163934426229,0.5007944107055664,"{'lr': 0.1, 'hidden_dim': 64, 'num_layers': 1, 'lambda_aux': 0.1}"
MT-MLP,0.6244266055045873,0.9180327868852459,0.5137614678899083,0.6588235294117647,0.171875,0.6875,0.275,0.7102725505828857,"{'lr': 0.1, 'hidden_dim': 64, 'num_layers': 1, 'lambda_aux': 0.1}"
MT-MLP,0.825242718446602,0.9342105263157895,0.6893203883495146,0.7932960893854749,0.3469387755102041,0.7727272727272727,0.47887323943661975,0.5578590035438538,"{'lr': 0.1, 'hidden_dim': 64, 'num_layers': 1, 'lambda_aux': 0.1}"
MT-MLP,0.49038461538461536,0.0,0.0,0.0,0.168,1.0,0.28767123287671237,0.7458246946334839,"{'lr': 0.1, 'hidden_dim': 64, 'num_layers': 1, 'lambda_aux': 0.1}"
MT-MLP,0.5,0.0,0.0,0.0,0.16,1.0,0.2758620689655173,0.6931472420692444,"{'lr': 0.1, 'hidden_dim': 64, 'num_layers': 2, 'lambda_aux': 0.01}"
MT-MLP,0.4952380952380952,1.0,0.009523809523809525,0.01886792452830189,0.16129032258064516,1.0,0.27777777777777773,0.725028395652771,"{'lr': 0.1, 'hidden_dim': 64, 'num_layers': 2, 'lambda_aux': 0.01}"
MT-MLP,0.5,0.0,0.0,0.0,0.064,1.0,0.12030075187969924,0.6931472420692444,"{'lr': 0.1, 'hidden_dim': 64, 'num_layers': 2, 'lambda_aux': 0.01}"
MT-MLP,0.5046296296296297,0.864,1.0,0.9270386266094421,0.0,0.0,0.0,0.6931467056274414,"{'lr': 0.1, 'hidden_dim': 64, 'num_layers': 2, 'lambda_aux': 0.01}"
MT-MLP,0.5,0.0,0.0,0.0,0.112,1.0,0.2014388489208633,0.6931477189064026,"{'lr': 0.1, 'hidden_dim': 64, 'num_layers': 2, 'lambda_aux': 0.01}"
MT-MLP,0.4951923076923077,0.0,0.0,0.0,0.168,1.0,0.28767123287671237,0.6931514739990234,"{'lr': 0.1, 'hidden_dim': 64, 'num_layers': 2, 'lambda_aux': 0.01}"
MT-MLP,0.5,0.848,1.0,0.9177489177489178,0.0,0.0,0.0,0.6931422352790833,"{'lr': 0.1, 'hidden_dim': 64, 'num_layers': 2, 'lambda_aux': 0.01}"
MT-MLP,0.5045871559633027,1.0,0.009174311926605505,0.018181818181818184,0.12903225806451613,1.0,0.2285714285714286,0.6930821537971497,"{'lr': 0.1, 'hidden_dim': 64, 'num_layers': 2, 'lambda_aux': 0.01}"
MT-MLP,0.5,0.824,1.0,0.9035087719298246,0.0,0.0,0.0,0.6918948292732239,"{'lr': 0.1, 'hidden_dim': 64, 'num_layers': 2, 'lambda_aux': 0.01}"
MT-MLP,0.5048076923076923,0.0,0.0,0.0,0.168,1.0,0.28767123287671237,0.6958225965499878,"{'lr': 0.1, 'hidden_dim': 64, 'num_layers': 2, 'lambda_aux': 0.01}"
MT-MLP,0.5,0.84,1.0,0.9130434782608696,0.0,0.0,0.0,0.6927847862243652,"{'lr': 0.1, 'hidden_dim': 64, 'num_layers': 1, 'lambda_aux': 0.01}"
MT-MLP,0.8538095238095239,0.9634146341463414,0.7523809523809524,0.8449197860962566,0.3953488372093023,0.85,0.5396825396825397,0.5349151492118835,"{'lr': 0.1, 'hidden_dim': 64, 'num_layers': 1, 'lambda_aux': 0.01}"
MT-MLP,0.7713675213675213,0.987012987012987,0.6495726495726496,0.7835051546391752,0.14583333333333334,0.875,0.25000000000000006,0.5986627340316772,"{'lr': 0.1, 'hidden_dim': 64, 'num_layers': 1, 'lambda_aux': 0.01}"
MT-MLP,0.7810457516339869,0.9375,0.6944444444444444,0.7978723404255319,0.26666666666666666,0.7058823529411765,0.3870967741935483,0.6366711854934692,"{'lr': 0.1, 'hidden_dim': 64, 'num_layers': 1, 'lambda_aux': 0.01}"
MT-MLP,0.5,0.0,0.0,0.0,0.112,1.0,0.2014388489208633,0.6931472420692444,"{'lr': 0.1, 'hidden_dim': 64, 'num_layers': 1, 'lambda_aux': 0.01}"
MT-MLP,0.836996336996337,0.9375,0.7211538461538461,0.8152173913043477,0.35555555555555557,0.7619047619047619,0.48484848484848486,0.5348616242408752,"{'lr': 0.1, 'hidden_dim': 64, 'num_layers': 1, 'lambda_aux': 0.01}"
MT-MLP,0.5,0.0,0.0,0.0,0.152,1.0,0.2638888888888889,0.6933256983757019,"{'lr': 0.1, 'hidden_dim': 64, 'num_layers': 1, 'lambda_aux': 0.01}"
MT-MLP,0.6413417431192661,0.9333333333333333,0.5137614678899083,0.6627218934911242,0.18461538461538463,0.75,0.29629629629629634,0.7070977687835693,"{'lr': 0.1, 'hidden_dim': 64, 'num_layers': 1, 'lambda_aux': 0.01}"
MT-MLP,0.7996469549867609,0.9538461538461539,0.6019417475728155,0.7380952380952381,0.31666666666666665,0.8636363636363636,0.46341463414634154,0.6111665368080139,"{'lr': 0.1, 'hidden_dim': 64, 'num_layers': 1, 'lambda_aux': 0.01}"
MT-MLP,0.8507326007326007,0.9397590361445783,0.75,0.8342245989304812,0.38095238095238093,0.7619047619047619,0.5079365079365079,0.5296077728271484,"{'lr': 0.1, 'hidden_dim': 64, 'num_layers': 1, 'lambda_aux': 0.01}"
MT-MLP,0.7623809523809524,0.9294117647058824,0.7523809523809524,0.8315789473684211,0.35,0.7,0.4666666666666667,0.47228148579597473,"{'lr': 0.1, 'hidden_dim': 64, 'num_layers': 3, 'lambda_aux': 0.1}"
MT-MLP,0.5,0.0,0.0,0.0,0.16,1.0,0.2758620689655173,0.6931473612785339,"{'lr': 0.1, 'hidden_dim': 64, 'num_layers': 3, 'lambda_aux': 0.1}"
MT-MLP,0.5,0.0,0.0,0.0,0.064,1.0,0.12030075187969924,0.6931474804878235,"{'lr': 0.1, 'hidden_dim': 64, 'num_layers': 3, 'lambda_aux': 0.1}"
MT-MLP,0.5046296296296297,1.0,0.009259259259259259,0.018348623853211007,0.13709677419354838,1.0,0.2411347517730496,0.6931256055831909,"{'lr': 0.1, 'hidden_dim': 64, 'num_layers': 3, 'lambda_aux': 0.1}"
MT-MLP,0.5,0.0,0.0,0.0,0.112,1.0,0.2014388489208633,0.6990380883216858,"{'lr': 0.1, 'hidden_dim': 64, 'num_layers': 3, 'lambda_aux': 0.1}"
MT-MLP,0.5,0.832,1.0,0.9082969432314411,0.0,0.0,0.0,0.6931469440460205,"{'lr': 0.1, 'hidden_dim': 64, 'num_layers': 3, 'lambda_aux': 0.1}"
MT-MLP,0.5,0.848,1.0,0.9177489177489178,0.0,0.0,0.0,0.693146824836731,"{'lr': 0.1, 'hidden_dim': 64, 'num_layers': 3, 'lambda_aux': 0.1}"
MT-MLP,0.4954128440366973,0.8709677419354839,0.9908256880733946,0.9270386266094421,0.0,0.0,0.0,0.6931499242782593,"{'lr': 0.1, 'hidden_dim': 64, 'num_layers': 3, 'lambda_aux': 0.1}"
MT-MLP,0.5048543689320388,0.0,0.0,0.0,0.176,1.0,0.29931972789115646,0.6931473016738892,"{'lr': 0.1, 'hidden_dim': 64, 'num_layers': 3, 'lambda_aux': 0.1}"
MT-MLP,0.5,0.832,1.0,0.9082969432314411,0.0,0.0,0.0,0.6931465864181519,"{'lr': 0.1, 'hidden_dim': 64, 'num_layers': 3, 'lambda_aux': 0.1}"
MT-MLP,0.5047619047619047,0.84,1.0,0.9130434782608696,0.0,0.0,0.0,0.6931467652320862,"{'lr': 0.1, 'hidden_dim': 64, 'num_layers': 3, 'lambda_aux': 0.01}"
MT-MLP,0.49523809523809526,0.0,0.0,0.0,0.16,1.0,0.2758620689655173,0.6931476593017578,"{'lr': 0.1, 'hidden_dim': 64, 'num_layers': 3, 'lambda_aux': 0.01}"
MT-MLP,0.49572649572649574,0.936,1.0,0.9669421487603307,0.0,0.0,0.0,0.6931465864181519,"{'lr': 0.1, 'hidden_dim': 64, 'num_layers': 3, 'lambda_aux': 0.01}"
MT-MLP,0.5046296296296297,0.864,1.0,0.9270386266094421,0.0,0.0,0.0,0.6931312084197998,"{'lr': 0.1, 'hidden_dim': 64, 'num_layers': 3, 'lambda_aux': 0.01}"
MT-MLP,0.5,0.0,0.0,0.0,0.112,1.0,0.2014388489208633,0.693147599697113,"{'lr': 0.1, 'hidden_dim': 64, 'num_layers': 3, 'lambda_aux': 0.01}"
MT-MLP,0.5,0.832,1.0,0.9082969432314411,0.0,0.0,0.0,0.6931468844413757,"{'lr': 0.1, 'hidden_dim': 64, 'num_layers': 3, 'lambda_aux': 0.01}"
MT-MLP,0.5,0.848,1.0,0.9177489177489178,0.0,0.0,0.0,0.6931471824645996,"{'lr': 0.1, 'hidden_dim': 64, 'num_layers': 3, 'lambda_aux': 0.01}"
MT-MLP,0.5045871559633027,0.872,1.0,0.9316239316239316,0.0,0.0,0.0,0.6065930724143982,"{'lr': 0.1, 'hidden_dim': 64, 'num_layers': 3, 'lambda_aux': 0.01}"
MT-MLP,0.5,0.0,0.0,0.0,0.176,1.0,0.29931972789115646,0.6931490302085876,"{'lr': 0.1, 'hidden_dim': 64, 'num_layers': 3, 'lambda_aux': 0.01}"
MT-MLP,0.5,0.832,1.0,0.9082969432314411,0.0,0.0,0.0,0.693146824836731,"{'lr': 0.1, 'hidden_dim': 64, 'num_layers': 3, 'lambda_aux': 0.01}"
MT-MLP,0.5047619047619047,0.0,0.0,0.0,0.16,1.0,0.2758620689655173,0.6948702335357666,"{'lr': 0.1, 'hidden_dim': 64, 'num_layers': 2, 'lambda_aux': 0.1}"
MT-MLP,0.5,0.84,1.0,0.9130434782608696,0.0,0.0,0.0,0.6931471824645996,"{'lr': 0.1, 'hidden_dim': 64, 'num_layers': 2, 'lambda_aux': 0.1}"
MT-MLP,0.7745726495726495,0.967032967032967,0.7521367521367521,0.846153846153846,0.14705882352941177,0.625,0.2380952380952381,0.5207212567329407,"{'lr': 0.1, 'hidden_dim': 64, 'num_layers': 2, 'lambda_aux': 0.1}"
MT-MLP,0.7625272331154684,0.9375,0.6944444444444444,0.7978723404255319,0.26666666666666666,0.7058823529411765,0.3870967741935483,0.6246774792671204,"{'lr': 0.1, 'hidden_dim': 64, 'num_layers': 2, 'lambda_aux': 0.1}"
MT-MLP,0.5,0.0,0.0,0.0,0.112,1.0,0.2014388489208633,0.6931472420692444,"{'lr': 0.1, 'hidden_dim': 64, 'num_layers': 2, 'lambda_aux': 0.1}"
MT-MLP,0.5048076923076923,1.0,0.009615384615384616,0.01904761904761905,0.1693548387096774,1.0,0.28965517241379307,0.693148136138916,"{'lr': 0.1, 'hidden_dim': 64, 'num_layers': 2, 'lambda_aux': 0.1}"
MT-MLP,0.7956802383316783,0.9176470588235294,0.7358490566037735,0.8167539267015705,0.3,0.631578947368421,0.4067796610169491,0.48922863602638245,"{'lr': 0.1, 'hidden_dim': 64, 'num_layers': 2, 'lambda_aux': 0.1}"
MT-MLP,0.6258600917431193,0.9295774647887324,0.6055045871559633,0.7333333333333334,0.2037037037037037,0.6875,0.3142857142857142,0.7105960845947266,"{'lr': 0.1, 'hidden_dim': 64, 'num_layers': 2, 'lambda_aux': 0.1}"
MT-MLP,0.5,0.0,0.0,0.0,0.176,1.0,0.29931972789115646,0.6931477189064026,"{'lr': 0.1, 'hidden_dim': 64, 'num_layers': 2, 'lambda_aux': 0.1}"
MT-MLP,0.5,0.0,0.0,0.0,0.168,1.0,0.28767123287671237,0.69582200050354,"{'lr': 0.1, 'hidden_dim': 64, 'num_layers': 2, 'lambda_aux': 0.1}"
MT-MLP,0.5,0.84,1.0,0.9130434782608696,0.0,0.0,0.0,0.6931455731391907,"{'lr': 0.1, 'hidden_dim': 64, 'num_layers': 4, 'lambda_aux': 0.01}"
MT-MLP,0.49047619047619045,0.0,0.0,0.0,0.16,1.0,0.2758620689655173,0.6931940317153931,"{'lr': 0.1, 'hidden_dim': 64, 'num_layers': 4, 'lambda_aux': 0.01}"
MT-MLP,0.5,0.936,1.0,0.9669421487603307,0.0,0.0,0.0,0.6931469440460205,"{'lr': 0.1, 'hidden_dim': 64, 'num_layers': 4, 'lambda_aux': 0.01}"
MT-MLP,0.5,0.864,1.0,0.9270386266094421,0.0,0.0,0.0,0.6931465864181519,"{'lr': 0.1, 'hidden_dim': 64, 'num_layers': 4, 'lambda_aux': 0.01}"
MT-MLP,0.7895752895752896,0.9827586206896551,0.5135135135135135,0.6745562130177514,0.19402985074626866,0.9285714285714286,0.32098765432098764,0.657970666885376,"{'lr': 0.1, 'hidden_dim': 64, 'num_layers': 4, 'lambda_aux': 0.01}"
MT-MLP,0.8514194139194139,0.9841269841269841,0.5961538461538461,0.7425149700598802,0.3225806451612903,0.9523809523809523,0.4819277108433735,0.5520392656326294,"{'lr': 0.1, 'hidden_dim': 64, 'num_layers': 4, 'lambda_aux': 0.01}"
MT-MLP,0.5,0.0,0.0,0.0,0.152,1.0,0.2638888888888889,0.6931475400924683,"{'lr': 0.1, 'hidden_dim': 64, 'num_layers': 4, 'lambda_aux': 0.01}"
MT-MLP,0.5,0.872,1.0,0.9316239316239316,0.0,0.0,0.0,0.6931467652320862,"{'lr': 0.1, 'hidden_dim': 64, 'num_layers': 4, 'lambda_aux': 0.01}"
MT-MLP,0.5,0.0,0.0,0.0,0.176,1.0,0.29931972789115646,0.6936518549919128,"{'lr': 0.1, 'hidden_dim': 64, 'num_layers': 4, 'lambda_aux': 0.01}"
MT-MLP,0.5,0.832,1.0,0.9082969432314411,0.0,0.0,0.0,0.6931470632553101,"{'lr': 0.1, 'hidden_dim': 64, 'num_layers': 4, 'lambda_aux': 0.01}"
PretrainFT,0.5,0.84,1.0,0.9130434782608696,0.0,0.0,0.0,16.0,"{'lr_pre': 0.1, 'lr_fine': 0.1, 'num_layers': 1, 'hidden_dim': 64, 'lambda_aux': 0.01, 'pre_epochs': 100, 'fine_epochs': 100}"
PretrainFT,0.5,0.0,0.0,0.0,0.16,1.0,0.2758620689655173,84.0,"{'lr_pre': 0.1, 'lr_fine': 0.1, 'num_layers': 1, 'hidden_dim': 64, 'lambda_aux': 0.01, 'pre_epochs': 100, 'fine_epochs': 100}"
PretrainFT,0.5,0.0,0.0,0.0,0.064,1.0,0.12030075187969924,93.5999984741211,"{'lr_pre': 0.1, 'lr_fine': 0.1, 'num_layers': 1, 'hidden_dim': 64, 'lambda_aux': 0.01, 'pre_epochs': 100, 'fine_epochs': 100}"
PretrainFT,0.5,0.0,0.0,0.0,0.136,1.0,0.23943661971830985,86.4000015258789,"{'lr_pre': 0.1, 'lr_fine': 0.1, 'num_layers': 1, 'hidden_dim': 64, 'lambda_aux': 0.01, 'pre_epochs': 100, 'fine_epochs': 100}"
PretrainFT,0.5,0.0,0.0,0.0,0.112,1.0,0.2014388489208633,88.80000305175781,"{'lr_pre': 0.1, 'lr_fine': 0.1, 'num_layers': 1, 'hidden_dim': 64, 'lambda_aux': 0.01, 'pre_epochs': 100, 'fine_epochs': 100}"
PretrainFT,0.5,0.832,1.0,0.9082969432314411,0.0,0.0,0.0,16.799999237060547,"{'lr_pre': 0.1, 'lr_fine': 0.1, 'num_layers': 1, 'hidden_dim': 64, 'lambda_aux': 0.01, 'pre_epochs': 100, 'fine_epochs': 100}"
PretrainFT,0.5,0.0,0.0,0.0,0.152,1.0,0.2638888888888889,84.80000305175781,"{'lr_pre': 0.1, 'lr_fine': 0.1, 'num_layers': 1, 'hidden_dim': 64, 'lambda_aux': 0.01, 'pre_epochs': 100, 'fine_epochs': 100}"
PretrainFT,0.5,0.872,1.0,0.9316239316239316,0.0,0.0,0.0,12.800000190734863,"{'lr_pre': 0.1, 'lr_fine': 0.1, 'num_layers': 1, 'hidden_dim': 64, 'lambda_aux': 0.01, 'pre_epochs': 100, 'fine_epochs': 100}"
PretrainFT,0.558252427184466,1.0,0.0970873786407767,0.17699115044247787,0.19130434782608696,1.0,0.32116788321167883,72.89891815185547,"{'lr_pre': 0.1, 'lr_fine': 0.1, 'num_layers': 1, 'hidden_dim': 64, 'lambda_aux': 0.01, 'pre_epochs': 100, 'fine_epochs': 100}"
PretrainFT,0.5,0.832,1.0,0.9082969432314411,0.0,0.0,0.0,16.799999237060547,"{'lr_pre': 0.1, 'lr_fine': 0.1, 'num_layers': 1, 'hidden_dim': 64, 'lambda_aux': 0.01, 'pre_epochs': 100, 'fine_epochs': 100}"
PretrainFT,0.5,0.84,1.0,0.9130434782608696,0.0,0.0,0.0,16.0,"{'lr_pre': 0.1, 'lr_fine': 0.1, 'num_layers': 1, 'hidden_dim': 64, 'lambda_aux': 0.1, 'pre_epochs': 100, 'fine_epochs': 100}"
PretrainFT,0.7333333333333334,1.0,0.4666666666666667,0.6363636363636364,0.2631578947368421,1.0,0.4166666666666667,44.79999923706055,"{'lr_pre': 0.1, 'lr_fine': 0.1, 'num_layers': 1, 'hidden_dim': 64, 'lambda_aux': 0.1, 'pre_epochs': 100, 'fine_epochs': 100}"
PretrainFT,0.5,0.0,0.0,0.0,0.064,1.0,0.12030075187969924,93.5999984741211,"{'lr_pre': 0.1, 'lr_fine': 0.1, 'num_layers': 1, 'hidden_dim': 64, 'lambda_aux': 0.1, 'pre_epochs': 100, 'fine_epochs': 100}"
PretrainFT,0.5,0.0,0.0,0.0,0.136,1.0,0.23943661971830985,86.4000015258789,"{'lr_pre': 0.1, 'lr_fine': 0.1, 'num_layers': 1, 'hidden_dim': 64, 'lambda_aux': 0.1, 'pre_epochs': 100, 'fine_epochs': 100}"
PretrainFT,0.5,0.0,0.0,0.0,0.112,1.0,0.2014388489208633,88.80000305175781,"{'lr_pre': 0.1, 'lr_fine': 0.1, 'num_layers': 1, 'hidden_dim': 64, 'lambda_aux': 0.1, 'pre_epochs': 100, 'fine_epochs': 100}"
PretrainFT,0.5,0.832,1.0,0.9082969432314411,0.0,0.0,0.0,16.799999237060547,"{'lr_pre': 0.1, 'lr_fine': 0.1, 'num_layers': 1, 'hidden_dim': 64, 'lambda_aux': 0.1, 'pre_epochs': 100, 'fine_epochs': 100}"
PretrainFT,0.5,0.848,1.0,0.9177489177489178,0.0,0.0,0.0,15.199999809265137,"{'lr_pre': 0.1, 'lr_fine': 0.1, 'num_layers': 1, 'hidden_dim': 64, 'lambda_aux': 0.1, 'pre_epochs': 100, 'fine_epochs': 100}"
PretrainFT,0.5,0.872,1.0,0.9316239316239316,0.0,0.0,0.0,12.800000190734863,"{'lr_pre': 0.1, 'lr_fine': 0.1, 'num_layers': 1, 'hidden_dim': 64, 'lambda_aux': 0.1, 'pre_epochs': 100, 'fine_epochs': 100}"
PretrainFT,0.763459841129744,0.9833333333333333,0.5728155339805825,0.7239263803680982,0.3230769230769231,0.9545454545454546,0.4827586206896552,36.0,"{'lr_pre': 0.1, 'lr_fine': 0.1, 'num_layers': 1, 'hidden_dim': 64, 'lambda_aux': 0.1, 'pre_epochs': 100, 'fine_epochs': 100}"
PretrainFT,0.5,0.832,1.0,0.9082969432314411,0.0,0.0,0.0,16.799999237060547,"{'lr_pre': 0.1, 'lr_fine': 0.1, 'num_layers': 1, 'hidden_dim': 64, 'lambda_aux': 0.1, 'pre_epochs': 100, 'fine_epochs': 100}"
MT-MLP,0.5,0.84,1.0,0.9130434782608696,0.0,0.0,0.0,0.693146288394928,"{'lr': 0.1, 'hidden_dim': 64, 'num_layers': 4, 'lambda_aux': 0.1}"
MT-MLP,0.5095238095238095,0.84,1.0,0.9130434782608696,0.0,0.0,0.0,0.6931359767913818,"{'lr': 0.1, 'hidden_dim': 64, 'num_layers': 4, 'lambda_aux': 0.1}"
MT-MLP,0.49572649572649574,0.0,0.0,0.0,0.064,1.0,0.12030075187969924,0.6931474804878235,"{'lr': 0.1, 'hidden_dim': 64, 'num_layers': 4, 'lambda_aux': 0.1}"
MT-MLP,0.5,0.0,0.0,0.0,0.136,1.0,0.23943661971830985,0.6931472420692444,"{'lr': 0.1, 'hidden_dim': 64, 'num_layers': 4, 'lambda_aux': 0.1}"
MT-MLP,0.5,0.888,1.0,0.940677966101695,0.0,0.0,0.0,0.6931455731391907,"{'lr': 0.1, 'hidden_dim': 64, 'num_layers': 4, 'lambda_aux': 0.1}"
MT-MLP,0.4951923076923077,0.0,0.0,0.0,0.168,1.0,0.28767123287671237,0.6964690685272217,"{'lr': 0.1, 'hidden_dim': 64, 'num_layers': 4, 'lambda_aux': 0.1}"
MT-MLP,0.5047169811320755,0.0,0.0,0.0,0.152,1.0,0.2638888888888889,0.6931480765342712,"{'lr': 0.1, 'hidden_dim': 64, 'num_layers': 4, 'lambda_aux': 0.1}"
MT-MLP,0.5,0.0,0.0,0.0,0.128,1.0,0.22695035460992907,0.6931473016738892,"{'lr': 0.1, 'hidden_dim': 64, 'num_layers': 4, 'lambda_aux': 0.1}"
MT-MLP,0.4772727272727273,0.0,0.0,0.0,0.1693548387096774,0.9545454545454546,0.2876712328767123,0.6931899785995483,"{'lr': 0.1, 'hidden_dim': 64, 'num_layers': 4, 'lambda_aux': 0.1}"
MT-MLP,0.5,0.832,1.0,0.9082969432314411,0.0,0.0,0.0,0.6931465268135071,"{'lr': 0.1, 'hidden_dim': 64, 'num_layers': 4, 'lambda_aux': 0.1}"
PretrainFT,0.5,0.0,0.0,0.0,0.16,1.0,0.2758620689655173,84.0,"{'lr_pre': 0.1, 'lr_fine': 0.1, 'num_layers': 2, 'hidden_dim': 64, 'lambda_aux': 0.1, 'pre_epochs': 100, 'fine_epochs': 100}"
PretrainFT,0.5,0.84,1.0,0.9130434782608696,0.0,0.0,0.0,16.0,"{'lr_pre': 0.1, 'lr_fine': 0.1, 'num_layers': 2, 'hidden_dim': 64, 'lambda_aux': 0.1, 'pre_epochs': 100, 'fine_epochs': 100}"
PretrainFT,0.5,0.0,0.0,0.0,0.064,1.0,0.12030075187969924,93.5999984741211,"{'lr_pre': 0.1, 'lr_fine': 0.1, 'num_layers': 2, 'hidden_dim': 64, 'lambda_aux': 0.1, 'pre_epochs': 100, 'fine_epochs': 100}"
PretrainFT,0.5,0.0,0.0,0.0,0.136,1.0,0.23943661971830985,86.4000015258789,"{'lr_pre': 0.1, 'lr_fine': 0.1, 'num_layers': 2, 'hidden_dim': 64, 'lambda_aux': 0.1, 'pre_epochs': 100, 'fine_epochs': 100}"
PretrainFT,0.5,0.888,1.0,0.940677966101695,0.0,0.0,0.0,11.199999809265137,"{'lr_pre': 0.1, 'lr_fine': 0.1, 'num_layers': 2, 'hidden_dim': 64, 'lambda_aux': 0.1, 'pre_epochs': 100, 'fine_epochs': 100}"
PretrainFT,0.5,0.0,0.0,0.0,0.168,1.0,0.28767123287671237,83.19999694824219,"{'lr_pre': 0.1, 'lr_fine': 0.1, 'num_layers': 2, 'hidden_dim': 64, 'lambda_aux': 0.1, 'pre_epochs': 100, 'fine_epochs': 100}"
PretrainFT,0.5,0.0,0.0,0.0,0.152,1.0,0.2638888888888889,84.80000305175781,"{'lr_pre': 0.1, 'lr_fine': 0.1, 'num_layers': 2, 'hidden_dim': 64, 'lambda_aux': 0.1, 'pre_epochs': 100, 'fine_epochs': 100}"
PretrainFT,0.5,0.0,0.0,0.0,0.128,1.0,0.22695035460992907,87.19999694824219,"{'lr_pre': 0.1, 'lr_fine': 0.1, 'num_layers': 2, 'hidden_dim': 64, 'lambda_aux': 0.1, 'pre_epochs': 100, 'fine_epochs': 100}"
PretrainFT,0.5,0.0,0.0,0.0,0.176,1.0,0.29931972789115646,82.4000015258789,"{'lr_pre': 0.1, 'lr_fine': 0.1, 'num_layers': 2, 'hidden_dim': 64, 'lambda_aux': 0.1, 'pre_epochs': 100, 'fine_epochs': 100}"
PretrainFT,0.5,0.0,0.0,0.0,0.168,1.0,0.28767123287671237,83.19999694824219,"{'lr_pre': 0.1, 'lr_fine': 0.1, 'num_layers': 2, 'hidden_dim': 64, 'lambda_aux': 0.1, 'pre_epochs': 100, 'fine_epochs': 100}"
PretrainFT,0.5,0.0,0.0,0.0,0.16,1.0,0.2758620689655173,84.0,"{'lr_pre': 0.1, 'lr_fine': 0.1, 'num_layers': 3, 'hidden_dim': 64, 'lambda_aux': 0.01, 'pre_epochs': 100, 'fine_epochs': 100}"
PretrainFT,0.5,0.0,0.0,0.0,0.16,1.0,0.2758620689655173,84.0,"{'lr_pre': 0.1, 'lr_fine': 0.1, 'num_layers': 3, 'hidden_dim': 64, 'lambda_aux': 0.01, 'pre_epochs': 100, 'fine_epochs': 100}"
PretrainFT,0.5,0.0,0.0,0.0,0.064,1.0,0.12030075187969924,93.5999984741211,"{'lr_pre': 0.1, 'lr_fine': 0.1, 'num_layers': 3, 'hidden_dim': 64, 'lambda_aux': 0.01, 'pre_epochs': 100, 'fine_epochs': 100}"
PretrainFT,0.49537037037037035,0.864,1.0,0.9270386266094421,0.0,0.0,0.0,0.6876158714294434,"{'lr_pre': 0.1, 'lr_fine': 0.1, 'num_layers': 3, 'hidden_dim': 64, 'lambda_aux': 0.01, 'pre_epochs': 100, 'fine_epochs': 100}"
PretrainFT,0.5,0.888,1.0,0.940677966101695,0.0,0.0,0.0,11.199999809265137,"{'lr_pre': 0.1, 'lr_fine': 0.1, 'num_layers': 3, 'hidden_dim': 64, 'lambda_aux': 0.01, 'pre_epochs': 100, 'fine_epochs': 100}"
PretrainFT,0.5,0.0,0.0,0.0,0.168,1.0,0.28767123287671237,83.19999694824219,"{'lr_pre': 0.1, 'lr_fine': 0.1, 'num_layers': 3, 'hidden_dim': 64, 'lambda_aux': 0.01, 'pre_epochs': 100, 'fine_epochs': 100}"
PretrainFT,0.5,0.0,0.0,0.0,0.152,1.0,0.2638888888888889,84.80000305175781,"{'lr_pre': 0.1, 'lr_fine': 0.1, 'num_layers': 3, 'hidden_dim': 64, 'lambda_aux': 0.01, 'pre_epochs': 100, 'fine_epochs': 100}"
PretrainFT,0.5045871559633027,1.0,0.009174311926605505,0.018181818181818184,0.12903225806451613,1.0,0.2285714285714286,0.6988175511360168,"{'lr_pre': 0.1, 'lr_fine': 0.1, 'num_layers': 3, 'hidden_dim': 64, 'lambda_aux': 0.01, 'pre_epochs': 100, 'fine_epochs': 100}"
PretrainFT,0.5,0.0,0.0,0.0,0.176,1.0,0.29931972789115646,82.4000015258789,"{'lr_pre': 0.1, 'lr_fine': 0.1, 'num_layers': 3, 'hidden_dim': 64, 'lambda_aux': 0.01, 'pre_epochs': 100, 'fine_epochs': 100}"
PretrainFT,0.8211996336996337,0.958904109589041,0.6730769230769231,0.7909604519774011,0.34615384615384615,0.8571428571428571,0.4931506849315069,1.4223524332046509,"{'lr_pre': 0.1, 'lr_fine': 0.1, 'num_layers': 3, 'hidden_dim': 64, 'lambda_aux': 0.01, 'pre_epochs': 100, 'fine_epochs': 100}"
PretrainFT,0.5,0.0,0.0,0.0,0.16,1.0,0.2758620689655173,84.0,"{'lr_pre': 0.1, 'lr_fine': 0.1, 'num_layers': 3, 'hidden_dim': 64, 'lambda_aux': 0.1, 'pre_epochs': 100, 'fine_epochs': 100}"
PretrainFT,0.5,0.0,0.0,0.0,0.16,1.0,0.2758620689655173,84.0,"{'lr_pre': 0.1, 'lr_fine': 0.1, 'num_layers': 3, 'hidden_dim': 64, 'lambda_aux': 0.1, 'pre_epochs': 100, 'fine_epochs': 100}"
PretrainFT,0.5,0.0,0.0,0.0,0.064,1.0,0.12030075187969924,93.5999984741211,"{'lr_pre': 0.1, 'lr_fine': 0.1, 'num_layers': 3, 'hidden_dim': 64, 'lambda_aux': 0.1, 'pre_epochs': 100, 'fine_epochs': 100}"
PretrainFT,0.5,0.0,0.0,0.0,0.136,1.0,0.23943661971830985,0.6935118436813354,"{'lr_pre': 0.1, 'lr_fine': 0.1, 'num_layers': 3, 'hidden_dim': 64, 'lambda_aux': 0.1, 'pre_epochs': 100, 'fine_epochs': 100}"
PretrainFT,0.5,0.888,1.0,0.940677966101695,0.0,0.0,0.0,11.199999809265137,"{'lr_pre': 0.1, 'lr_fine': 0.1, 'num_layers': 3, 'hidden_dim': 64, 'lambda_aux': 0.1, 'pre_epochs': 100, 'fine_epochs': 100}"
PretrainFT,0.5,0.0,0.0,0.0,0.168,1.0,0.28767123287671237,83.19999694824219,"{'lr_pre': 0.1, 'lr_fine': 0.1, 'num_layers': 3, 'hidden_dim': 64, 'lambda_aux': 0.1, 'pre_epochs': 100, 'fine_epochs': 100}"
PretrainFT,0.5,0.848,1.0,0.9177489177489178,0.0,0.0,0.0,15.199999809265137,"{'lr_pre': 0.1, 'lr_fine': 0.1, 'num_layers': 3, 'hidden_dim': 64, 'lambda_aux': 0.1, 'pre_epochs': 100, 'fine_epochs': 100}"
PretrainFT,0.4954128440366973,0.0,0.0,0.0,0.128,1.0,0.22695035460992907,0.7022417783737183,"{'lr_pre': 0.1, 'lr_fine': 0.1, 'num_layers': 3, 'hidden_dim': 64, 'lambda_aux': 0.1, 'pre_epochs': 100, 'fine_epochs': 100}"
PretrainFT,0.5,0.0,0.0,0.0,0.176,1.0,0.29931972789115646,82.4000015258789,"{'lr_pre': 0.1, 'lr_fine': 0.1, 'num_layers': 3, 'hidden_dim': 64, 'lambda_aux': 0.1, 'pre_epochs': 100, 'fine_epochs': 100}"
PretrainFT,0.5,0.0,0.0,0.0,0.168,1.0,0.28767123287671237,83.19999694824219,"{'lr_pre': 0.1, 'lr_fine': 0.1, 'num_layers': 3, 'hidden_dim': 64, 'lambda_aux': 0.1, 'pre_epochs': 100, 'fine_epochs': 100}"
PretrainFT,0.5,0.0,0.0,0.0,0.16,1.0,0.2758620689655173,84.0,"{'lr_pre': 0.1, 'lr_fine': 0.1, 'num_layers': 4, 'hidden_dim': 64, 'lambda_aux': 0.01, 'pre_epochs': 100, 'fine_epochs': 100}"
PretrainFT,0.5,0.0,0.0,0.0,0.16,1.0,0.2758620689655173,84.0,"{'lr_pre': 0.1, 'lr_fine': 0.1, 'num_layers': 4, 'hidden_dim': 64, 'lambda_aux': 0.01, 'pre_epochs': 100, 'fine_epochs': 100}"
PretrainFT,0.5042735042735043,1.0,0.008547008547008548,0.016949152542372885,0.06451612903225806,1.0,0.12121212121212122,0.6911226511001587,"{'lr_pre': 0.1, 'lr_fine': 0.1, 'num_layers': 4, 'hidden_dim': 64, 'lambda_aux': 0.01, 'pre_epochs': 100, 'fine_epochs': 100}"
PretrainFT,0.5,0.864,1.0,0.9270386266094421,0.0,0.0,0.0,13.600000381469727,"{'lr_pre': 0.1, 'lr_fine': 0.1, 'num_layers': 4, 'hidden_dim': 64, 'lambda_aux': 0.01, 'pre_epochs': 100, 'fine_epochs': 100}"
PretrainFT,0.5,0.0,0.0,0.0,0.112,1.0,0.2014388489208633,88.80000305175781,"{'lr_pre': 0.1, 'lr_fine': 0.1, 'num_layers': 4, 'hidden_dim': 64, 'lambda_aux': 0.01, 'pre_epochs': 100, 'fine_epochs': 100}"
PretrainFT,0.5,0.832,1.0,0.9082969432314411,0.0,0.0,0.0,16.799999237060547,"{'lr_pre': 0.1, 'lr_fine': 0.1, 'num_layers': 4, 'hidden_dim': 64, 'lambda_aux': 0.01, 'pre_epochs': 100, 'fine_epochs': 100}"
PretrainFT,0.5,0.848,1.0,0.9177489177489178,0.0,0.0,0.0,0.6814115047454834,"{'lr_pre': 0.1, 'lr_fine': 0.1, 'num_layers': 4, 'hidden_dim': 64, 'lambda_aux': 0.01, 'pre_epochs': 100, 'fine_epochs': 100}"
PretrainFT,0.4827981651376147,0.8666666666666667,0.5963302752293578,0.7065217391304348,0.12,0.375,0.18181818181818182,35.44164276123047,"{'lr_pre': 0.1, 'lr_fine': 0.1, 'num_layers': 4, 'hidden_dim': 64, 'lambda_aux': 0.01, 'pre_epochs': 100, 'fine_epochs': 100}"
PretrainFT,0.5,0.0,0.0,0.0,0.176,1.0,0.29931972789115646,82.4000015258789,"{'lr_pre': 0.1, 'lr_fine': 0.1, 'num_layers': 4, 'hidden_dim': 64, 'lambda_aux': 0.01, 'pre_epochs': 100, 'fine_epochs': 100}"
PretrainFT,0.5,0.832,1.0,0.9082969432314411,0.0,0.0,0.0,16.799999237060547,"{'lr_pre': 0.1, 'lr_fine': 0.1, 'num_layers': 4, 'hidden_dim': 64, 'lambda_aux': 0.01, 'pre_epochs': 100, 'fine_epochs': 100}"
Decoupled,0.7761904761904761,0.9295774647887324,0.6285714285714286,0.75,0.2777777777777778,0.75,0.4054054054054055,0.6110336184501648,"{'lr': 0.01, 'hidden_dim': 64, 'num_layers': 1, 'lambda_aux': 0.01}"
Decoupled,0.8447619047619048,0.9358974358974359,0.6952380952380952,0.7978142076502732,0.3191489361702128,0.75,0.4477611940298508,0.5286353230476379,"{'lr': 0.01, 'hidden_dim': 64, 'num_layers': 1, 'lambda_aux': 0.01}"
Decoupled,0.7414529914529915,0.9647058823529412,0.7008547008547008,0.8118811881188118,0.125,0.625,0.20833333333333334,0.6085819602012634,"{'lr': 0.01, 'hidden_dim': 64, 'num_layers': 1, 'lambda_aux': 0.01}"
Decoupled,0.778322440087146,0.9452054794520548,0.6388888888888888,0.7624309392265194,0.25,0.7647058823529411,0.37681159420289856,0.648872971534729,"{'lr': 0.01, 'hidden_dim': 64, 'num_layers': 1, 'lambda_aux': 0.01}"
Decoupled,0.7876447876447876,0.9552238805970149,0.5765765765765766,0.7191011235955056,0.1896551724137931,0.7857142857142857,0.3055555555555555,0.6585882306098938,"{'lr': 0.01, 'hidden_dim': 64, 'num_layers': 1, 'lambda_aux': 0.01}"
Decoupled,0.8804945054945055,0.9625,0.7403846153846154,0.8369565217391305,0.4,0.8571428571428571,0.5454545454545455,0.4936559200286865,"{'lr': 0.01, 'hidden_dim': 64, 'num_layers': 1, 'lambda_aux': 0.01}"
Decoupled,0.8435948361469712,0.9523809523809523,0.7547169811320755,0.8421052631578947,0.36585365853658536,0.7894736842105263,0.4999999999999999,0.5061917304992676,"{'lr': 0.01, 'hidden_dim': 64, 'num_layers': 1, 'lambda_aux': 0.01}"
Decoupled,0.6594036697247706,0.9178082191780822,0.6146788990825688,0.7362637362637362,0.19230769230769232,0.625,0.29411764705882354,0.6952109932899475,"{'lr': 0.01, 'hidden_dim': 64, 'num_layers': 1, 'lambda_aux': 0.01}"
Decoupled,0.8645189761694616,0.9722222222222222,0.6796116504854369,0.8,0.37735849056603776,0.9090909090909091,0.5333333333333334,0.5315981507301331,"{'lr': 0.01, 'hidden_dim': 64, 'num_layers': 1, 'lambda_aux': 0.01}"
Decoupled,0.864010989010989,0.9634146341463414,0.7596153846153846,0.8494623655913979,0.4186046511627907,0.8571428571428571,0.5625000000000001,0.5038553476333618,"{'lr': 0.01, 'hidden_dim': 64, 'num_layers': 1, 'lambda_aux': 0.01}"
PretrainFT,0.5,0.0,0.0,0.0,0.16,1.0,0.2758620689655173,84.0,"{'lr_pre': 0.1, 'lr_fine': 0.1, 'num_layers': 4, 'hidden_dim': 64, 'lambda_aux': 0.1, 'pre_epochs': 100, 'fine_epochs': 100}"
PretrainFT,0.5,0.0,0.0,0.0,0.16,1.0,0.2758620689655173,84.0,"{'lr_pre': 0.1, 'lr_fine': 0.1, 'num_layers': 4, 'hidden_dim': 64, 'lambda_aux': 0.1, 'pre_epochs': 100, 'fine_epochs': 100}"
PretrainFT,0.5,0.936,1.0,0.9669421487603307,0.0,0.0,0.0,0.6923118829727173,"{'lr_pre': 0.1, 'lr_fine': 0.1, 'num_layers': 4, 'hidden_dim': 64, 'lambda_aux': 0.1, 'pre_epochs': 100, 'fine_epochs': 100}"
PretrainFT,0.5,0.0,0.0,0.0,0.136,1.0,0.23943661971830985,86.4000015258789,"{'lr_pre': 0.1, 'lr_fine': 0.1, 'num_layers': 4, 'hidden_dim': 64, 'lambda_aux': 0.1, 'pre_epochs': 100, 'fine_epochs': 100}"
PretrainFT,0.5,0.0,0.0,0.0,0.112,1.0,0.2014388489208633,88.80000305175781,"{'lr_pre': 0.1, 'lr_fine': 0.1, 'num_layers': 4, 'hidden_dim': 64, 'lambda_aux': 0.1, 'pre_epochs': 100, 'fine_epochs': 100}"
PretrainFT,0.5,0.0,0.0,0.0,0.168,1.0,0.28767123287671237,83.19999694824219,"{'lr_pre': 0.1, 'lr_fine': 0.1, 'num_layers': 4, 'hidden_dim': 64, 'lambda_aux': 0.1, 'pre_epochs': 100, 'fine_epochs': 100}"
PretrainFT,0.5,0.0,0.0,0.0,0.152,1.0,0.2638888888888889,0.6957727670669556,"{'lr_pre': 0.1, 'lr_fine': 0.1, 'num_layers': 4, 'hidden_dim': 64, 'lambda_aux': 0.1, 'pre_epochs': 100, 'fine_epochs': 100}"
PretrainFT,0.5,0.0,0.0,0.0,0.128,1.0,0.22695035460992907,87.19999694824219,"{'lr_pre': 0.1, 'lr_fine': 0.1, 'num_layers': 4, 'hidden_dim': 64, 'lambda_aux': 0.1, 'pre_epochs': 100, 'fine_epochs': 100}"
PretrainFT,0.5,0.0,0.0,0.0,0.176,1.0,0.29931972789115646,82.4000015258789,"{'lr_pre': 0.1, 'lr_fine': 0.1, 'num_layers': 4, 'hidden_dim': 64, 'lambda_aux': 0.1, 'pre_epochs': 100, 'fine_epochs': 100}"
PretrainFT,0.5,0.0,0.0,0.0,0.168,1.0,0.28767123287671237,83.19999694824219,"{'lr_pre': 0.1, 'lr_fine': 0.1, 'num_layers': 4, 'hidden_dim': 64, 'lambda_aux': 0.1, 'pre_epochs': 100, 'fine_epochs': 100}"
Decoupled,0.7761904761904761,0.9295774647887324,0.6285714285714286,0.75,0.2777777777777778,0.75,0.4054054054054055,0.6110336780548096,"{'lr': 0.01, 'hidden_dim': 64, 'num_layers': 1, 'lambda_aux': 0.1}"
Decoupled,0.8447619047619048,0.9358974358974359,0.6952380952380952,0.7978142076502732,0.3191489361702128,0.75,0.4477611940298508,0.5286107063293457,"{'lr': 0.01, 'hidden_dim': 64, 'num_layers': 1, 'lambda_aux': 0.1}"
Decoupled,0.7414529914529915,0.9647058823529412,0.7008547008547008,0.8118811881188118,0.125,0.625,0.20833333333333334,0.6085821390151978,"{'lr': 0.01, 'hidden_dim': 64, 'num_layers': 1, 'lambda_aux': 0.1}"
Decoupled,0.778322440087146,0.9452054794520548,0.6388888888888888,0.7624309392265194,0.25,0.7647058823529411,0.37681159420289856,0.6485289335250854,"{'lr': 0.01, 'hidden_dim': 64, 'num_layers': 1, 'lambda_aux': 0.1}"
Decoupled,0.7876447876447876,0.9552238805970149,0.5765765765765766,0.7191011235955056,0.1896551724137931,0.7857142857142857,0.3055555555555555,0.658564567565918,"{'lr': 0.01, 'hidden_dim': 64, 'num_layers': 1, 'lambda_aux': 0.1}"
Decoupled,0.8804945054945055,0.9625,0.7403846153846154,0.8369565217391305,0.4,0.8571428571428571,0.5454545454545455,0.4936538636684418,"{'lr': 0.01, 'hidden_dim': 64, 'num_layers': 1, 'lambda_aux': 0.1}"
Decoupled,0.8435948361469712,0.9523809523809523,0.7547169811320755,0.8421052631578947,0.36585365853658536,0.7894736842105263,0.4999999999999999,0.5062793493270874,"{'lr': 0.01, 'hidden_dim': 64, 'num_layers': 1, 'lambda_aux': 0.1}"
Decoupled,0.6599770642201834,0.9178082191780822,0.6146788990825688,0.7362637362637362,0.19230769230769232,0.625,0.29411764705882354,0.6957529187202454,"{'lr': 0.01, 'hidden_dim': 64, 'num_layers': 1, 'lambda_aux': 0.1}"
Decoupled,0.8645189761694616,0.9722222222222222,0.6796116504854369,0.8,0.37735849056603776,0.9090909090909091,0.5333333333333334,0.5316076278686523,"{'lr': 0.01, 'hidden_dim': 64, 'num_layers': 1, 'lambda_aux': 0.1}"
Decoupled,0.864010989010989,0.9634146341463414,0.7596153846153846,0.8494623655913979,0.4186046511627907,0.8571428571428571,0.5625000000000001,0.5038509368896484,"{'lr': 0.01, 'hidden_dim': 64, 'num_layers': 1, 'lambda_aux': 0.1}"
Decoupled,0.8204761904761905,0.9692307692307692,0.6,0.7411764705882353,0.3,0.9,0.45000000000000007,0.589682400226593,"{'lr': 0.01, 'hidden_dim': 64, 'num_layers': 2, 'lambda_aux': 0.01}"
Decoupled,0.8319047619047619,0.9506172839506173,0.7333333333333333,0.8279569892473119,0.36363636363636365,0.8,0.5000000000000001,0.5383905172348022,"{'lr': 0.01, 'hidden_dim': 64, 'num_layers': 2, 'lambda_aux': 0.01}"
Decoupled,0.6773504273504274,0.9753086419753086,0.6752136752136753,0.7979797979797979,0.13636363636363635,0.75,0.23076923076923075,0.6178842186927795,"{'lr': 0.01, 'hidden_dim': 64, 'num_layers': 2, 'lambda_aux': 0.01}"
Decoupled,0.7913943355119826,0.9821428571428571,0.5092592592592593,0.6707317073170733,0.2318840579710145,0.9411764705882353,0.372093023255814,0.6344437599182129,"{'lr': 0.01, 'hidden_dim': 64, 'num_layers': 2, 'lambda_aux': 0.01}"
Decoupled,0.8024453024453024,0.9523809523809523,0.5405405405405406,0.6896551724137931,0.1774193548387097,0.7857142857142857,0.2894736842105263,0.6354725360870361,"{'lr': 0.01, 'hidden_dim': 64, 'num_layers': 2, 'lambda_aux': 0.01}"
Decoupled,0.8635531135531136,0.9661016949152542,0.5480769230769231,0.6993865030674847,0.2878787878787879,0.9047619047619048,0.4367816091954023,0.5669522285461426,"{'lr': 0.01, 'hidden_dim': 64, 'num_layers': 2, 'lambda_aux': 0.01}"
Decoupled,0.807845084409136,0.9594594594594594,0.6698113207547169,0.7888888888888889,0.3137254901960784,0.8421052631578947,0.45714285714285713,0.5505574345588684,"{'lr': 0.01, 'hidden_dim': 64, 'num_layers': 2, 'lambda_aux': 0.01}"
Decoupled,0.635894495412844,0.921875,0.5412844036697247,0.6820809248554913,0.18032786885245902,0.6875,0.2857142857142857,0.7018581628799438,"{'lr': 0.01, 'hidden_dim': 64, 'num_layers': 2, 'lambda_aux': 0.01}"
Decoupled,0.853927625772286,0.9682539682539683,0.5922330097087378,0.7349397590361445,0.3225806451612903,0.9090909090909091,0.4761904761904761,0.5563477873802185,"{'lr': 0.01, 'hidden_dim': 64, 'num_layers': 2, 'lambda_aux': 0.01}"
Decoupled,0.8667582417582418,0.9493670886075949,0.7211538461538461,0.819672131147541,0.3695652173913043,0.8095238095238095,0.5074626865671641,0.5145943760871887,"{'lr': 0.01, 'hidden_dim': 64, 'num_layers': 2, 'lambda_aux': 0.01}"
PretrainFT,0.5,0.0,0.0,0.0,0.16,1.0,0.2758620689655173,84.0,"{'lr_pre': 0.1, 'lr_fine': 0.1, 'num_layers': 2, 'hidden_dim': 64, 'lambda_aux': 0.01, 'pre_epochs': 100, 'fine_epochs': 100}"
PretrainFT,0.5,0.84,1.0,0.9130434782608696,0.0,0.0,0.0,16.0,"{'lr_pre': 0.1, 'lr_fine': 0.1, 'num_layers': 2, 'hidden_dim': 64, 'lambda_aux': 0.01, 'pre_epochs': 100, 'fine_epochs': 100}"
PretrainFT,0.5,0.0,0.0,0.0,0.064,1.0,0.12030075187969924,93.5999984741211,"{'lr_pre': 0.1, 'lr_fine': 0.1, 'num_layers': 2, 'hidden_dim': 64, 'lambda_aux': 0.01, 'pre_epochs': 100, 'fine_epochs': 100}"
PretrainFT,0.5,0.0,0.0,0.0,0.136,1.0,0.23943661971830985,86.4000015258789,"{'lr_pre': 0.1, 'lr_fine': 0.1, 'num_layers': 2, 'hidden_dim': 64, 'lambda_aux': 0.01, 'pre_epochs': 100, 'fine_epochs': 100}"
PretrainFT,0.5,0.888,1.0,0.940677966101695,0.0,0.0,0.0,11.199999809265137,"{'lr_pre': 0.1, 'lr_fine': 0.1, 'num_layers': 2, 'hidden_dim': 64, 'lambda_aux': 0.01, 'pre_epochs': 100, 'fine_epochs': 100}"
PretrainFT,0.5,0.0,0.0,0.0,0.168,1.0,0.28767123287671237,83.19999694824219,"{'lr_pre': 0.1, 'lr_fine': 0.1, 'num_layers': 2, 'hidden_dim': 64, 'lambda_aux': 0.01, 'pre_epochs': 100, 'fine_epochs': 100}"
PretrainFT,0.6084905660377358,1.0,0.2169811320754717,0.3565891472868217,0.18627450980392157,1.0,0.3140495867768595,66.4000015258789,"{'lr_pre': 0.1, 'lr_fine': 0.1, 'num_layers': 2, 'hidden_dim': 64, 'lambda_aux': 0.01, 'pre_epochs': 100, 'fine_epochs': 100}"
PretrainFT,0.5,0.0,0.0,0.0,0.128,1.0,0.22695035460992907,87.19999694824219,"{'lr_pre': 0.1, 'lr_fine': 0.1, 'num_layers': 2, 'hidden_dim': 64, 'lambda_aux': 0.01, 'pre_epochs': 100, 'fine_epochs': 100}"
PretrainFT,0.5097087378640777,1.0,0.019417475728155338,0.03809523809523809,0.17886178861788618,1.0,0.30344827586206896,80.80000305175781,"{'lr_pre': 0.1, 'lr_fine': 0.1, 'num_layers': 2, 'hidden_dim': 64, 'lambda_aux': 0.01, 'pre_epochs': 100, 'fine_epochs': 100}"
PretrainFT,0.5,0.0,0.0,0.0,0.168,1.0,0.28767123287671237,83.19999694824219,"{'lr_pre': 0.1, 'lr_fine': 0.1, 'num_layers': 2, 'hidden_dim': 64, 'lambda_aux': 0.01, 'pre_epochs': 100, 'fine_epochs': 100}"
Decoupled,0.820952380952381,0.9692307692307692,0.6,0.7411764705882353,0.3,0.9,0.45000000000000007,0.5895388722419739,"{'lr': 0.01, 'hidden_dim': 64, 'num_layers': 2, 'lambda_aux': 0.1}"
Decoupled,0.8295238095238096,0.95,0.7238095238095238,0.8216216216216217,0.35555555555555557,0.8,0.4923076923076923,0.5391556024551392,"{'lr': 0.01, 'hidden_dim': 64, 'num_layers': 2, 'lambda_aux': 0.1}"
Decoupled,0.672008547008547,0.9753086419753086,0.6752136752136753,0.7979797979797979,0.13636363636363635,0.75,0.23076923076923075,0.6145876049995422,"{'lr': 0.01, 'hidden_dim': 64, 'num_layers': 2, 'lambda_aux': 0.1}"
Decoupled,0.7919389978213507,0.9821428571428571,0.5092592592592593,0.6707317073170733,0.2318840579710145,0.9411764705882353,0.372093023255814,0.6337934136390686,"{'lr': 0.01, 'hidden_dim': 64, 'num_layers': 2, 'lambda_aux': 0.1}"
Decoupled,0.8037323037323038,0.9523809523809523,0.5405405405405406,0.6896551724137931,0.1774193548387097,0.7857142857142857,0.2894736842105263,0.6351662874221802,"{'lr': 0.01, 'hidden_dim': 64, 'num_layers': 2, 'lambda_aux': 0.1}"
Decoupled,0.8658424908424909,0.9666666666666667,0.5576923076923077,0.7073170731707317,0.2923076923076923,0.9047619047619048,0.4418604651162791,0.5663578510284424,"{'lr': 0.01, 'hidden_dim': 64, 'num_layers': 2, 'lambda_aux': 0.1}"
Decoupled,0.8083416087388282,0.9594594594594594,0.6698113207547169,0.7888888888888889,0.3137254901960784,0.8421052631578947,0.45714285714285713,0.5505327582359314,"{'lr': 0.01, 'hidden_dim': 64, 'num_layers': 2, 'lambda_aux': 0.1}"
Decoupled,0.6347477064220184,0.9206349206349206,0.5321100917431193,0.6744186046511628,0.1774193548387097,0.6875,0.28205128205128205,0.7016513347625732,"{'lr': 0.01, 'hidden_dim': 64, 'num_layers': 2, 'lambda_aux': 0.1}"
Decoupled,0.8609885260370698,0.9692307692307692,0.6116504854368932,0.7500000000000001,0.3333333333333333,0.9090909090909091,0.4878048780487804,0.549911379814148,"{'lr': 0.01, 'hidden_dim': 64, 'num_layers': 2, 'lambda_aux': 0.1}"
Decoupled,0.8676739926739927,0.9493670886075949,0.7211538461538461,0.819672131147541,0.3695652173913043,0.8095238095238095,0.5074626865671641,0.5140962600708008,"{'lr': 0.01, 'hidden_dim': 64, 'num_layers': 2, 'lambda_aux': 0.1}"
Decoupled,0.8028571428571428,0.9393939393939394,0.5904761904761905,0.7251461988304092,0.2711864406779661,0.8,0.40506329113924056,0.5950570702552795,"{'lr': 0.01, 'hidden_dim': 64, 'num_layers': 3, 'lambda_aux': 0.01}"
Decoupled,0.8085714285714286,0.9545454545454546,0.6,0.7368421052631579,0.288135593220339,0.85,0.43037974683544306,0.5864860415458679,"{'lr': 0.01, 'hidden_dim': 64, 'num_layers': 3, 'lambda_aux': 0.01}"
Decoupled,0.7446581196581198,0.9846153846153847,0.5470085470085471,0.7032967032967034,0.11666666666666667,0.875,0.20588235294117646,0.6411277055740356,"{'lr': 0.01, 'hidden_dim': 64, 'num_layers': 3, 'lambda_aux': 0.01}"
Decoupled,0.7374727668845316,0.9672131147540983,0.5462962962962963,0.6982248520710059,0.234375,0.8823529411764706,0.37037037037037035,0.645167350769043,"{'lr': 0.01, 'hidden_dim': 64, 'num_layers': 3, 'lambda_aux': 0.01}"
Decoupled,0.787001287001287,0.9830508474576272,0.5225225225225225,0.6823529411764706,0.19696969696969696,0.9285714285714286,0.32499999999999996,0.655708372592926,"{'lr': 0.01, 'hidden_dim': 64, 'num_layers': 3, 'lambda_aux': 0.01}"
Decoupled,0.8489010989010989,0.9838709677419355,0.5865384615384616,0.7349397590361445,0.31746031746031744,0.9523809523809523,0.47619047619047616,0.5707239508628845,"{'lr': 0.01, 'hidden_dim': 64, 'num_layers': 3, 'lambda_aux': 0.01}"
Decoupled,0.8237338629592851,0.9538461538461539,0.5849056603773585,0.7251461988304093,0.26666666666666666,0.8421052631578947,0.4050632911392405,0.5704517960548401,"{'lr': 0.01, 'hidden_dim': 64, 'num_layers': 3, 'lambda_aux': 0.01}"
Decoupled,0.643348623853211,0.9245283018867925,0.44954128440366975,0.6049382716049383,0.16666666666666666,0.75,0.27272727272727276,0.7091047763824463,"{'lr': 0.01, 'hidden_dim': 64, 'num_layers': 3, 'lambda_aux': 0.01}"
Decoupled,0.8490732568402471,0.9666666666666667,0.5631067961165048,0.7116564417177914,0.3076923076923077,0.9090909090909091,0.45977011494252884,0.5787587761878967,"{'lr': 0.01, 'hidden_dim': 64, 'num_layers': 3, 'lambda_aux': 0.01}"
Decoupled,0.8658424908424908,0.9577464788732394,0.6538461538461539,0.7771428571428571,0.3333333333333333,0.8571428571428571,0.48,0.5481976270675659,"{'lr': 0.01, 'hidden_dim': 64, 'num_layers': 3, 'lambda_aux': 0.01}"
Decoupled,0.8028571428571428,0.9393939393939394,0.5904761904761905,0.7251461988304092,0.2711864406779661,0.8,0.40506329113924056,0.5944299697875977,"{'lr': 0.01, 'hidden_dim': 64, 'num_layers': 3, 'lambda_aux': 0.1}"
Decoupled,0.8057142857142857,0.9420289855072463,0.6190476190476191,0.7471264367816093,0.2857142857142857,0.8,0.4210526315789473,0.585781455039978,"{'lr': 0.01, 'hidden_dim': 64, 'num_layers': 3, 'lambda_aux': 0.1}"
Decoupled,0.7382478632478632,0.9838709677419355,0.5213675213675214,0.6815642458100559,0.1111111111111111,0.875,0.19718309859154926,0.6448699235916138,"{'lr': 0.01, 'hidden_dim': 64, 'num_layers': 3, 'lambda_aux': 0.1}"
Decoupled,0.7423747276688453,0.9672131147540983,0.5462962962962963,0.6982248520710059,0.234375,0.8823529411764706,0.37037037037037035,0.6456018686294556,"{'lr': 0.01, 'hidden_dim': 64, 'num_layers': 3, 'lambda_aux': 0.1}"
Decoupled,0.7837837837837838,0.9655172413793104,0.5045045045045045,0.6627218934911243,0.1791044776119403,0.8571428571428571,0.2962962962962963,0.65616774559021,"{'lr': 0.01, 'hidden_dim': 64, 'num_layers': 3, 'lambda_aux': 0.1}"
Decoupled,0.8498168498168498,0.9836065573770492,0.5769230769230769,0.7272727272727272,0.3125,0.9523809523809523,0.47058823529411764,0.5734968781471252,"{'lr': 0.01, 'hidden_dim': 64, 'num_layers': 3, 'lambda_aux': 0.1}"
Decoupled,0.823733862959285,0.9545454545454546,0.5943396226415094,0.7325581395348837,0.2711864406779661,0.8421052631578947,0.41025641025641024,0.5588948130607605,"{'lr': 0.01, 'hidden_dim': 64, 'num_layers': 3, 'lambda_aux': 0.1}"
Decoupled,0.6353211009174312,0.9259259259259259,0.45871559633027525,0.6134969325153374,0.16901408450704225,0.75,0.27586206896551724,0.7147759795188904,"{'lr': 0.01, 'hidden_dim': 64, 'num_layers': 3, 'lambda_aux': 0.1}"
Decoupled,0.8486319505736981,0.9666666666666667,0.5631067961165048,0.7116564417177914,0.3076923076923077,0.9090909090909091,0.45977011494252884,0.5784483551979065,"{'lr': 0.01, 'hidden_dim': 64, 'num_layers': 3, 'lambda_aux': 0.1}"
Decoupled,0.8708791208791209,0.9571428571428572,0.6442307692307693,0.7701149425287356,0.32727272727272727,0.8571428571428571,0.47368421052631576,0.5490111708641052,"{'lr': 0.01, 'hidden_dim': 64, 'num_layers': 3, 'lambda_aux': 0.1}"
Decoupled,0.8214285714285714,0.9655172413793104,0.5333333333333333,0.6871165644171779,0.26865671641791045,0.9,0.41379310344827586,0.6647754311561584,"{'lr': 0.01, 'hidden_dim': 64, 'num_layers': 4, 'lambda_aux': 0.1}"
Decoupled,0.8047619047619048,0.95,0.5428571428571428,0.6909090909090908,0.26153846153846155,0.85,0.4,0.5967957973480225,"{'lr': 0.01, 'hidden_dim': 64, 'num_layers': 4, 'lambda_aux': 0.1}"
Decoupled,0.7307692307692307,0.984375,0.5384615384615384,0.6961325966850829,0.11475409836065574,0.875,0.20289855072463767,0.638126790523529,"{'lr': 0.01, 'hidden_dim': 64, 'num_layers': 4, 'lambda_aux': 0.1}"
Decoupled,0.7625272331154684,1.0,0.42592592592592593,0.5974025974025974,0.21518987341772153,1.0,0.3541666666666667,0.751360297203064,"{'lr': 0.01, 'hidden_dim': 64, 'num_layers': 4, 'lambda_aux': 0.1}"
Decoupled,0.7857142857142858,0.9838709677419355,0.5495495495495496,0.7052023121387284,0.20634920634920634,0.9285714285714286,0.33766233766233766,0.6357012987136841,"{'lr': 0.01, 'hidden_dim': 64, 'num_layers': 4, 'lambda_aux': 0.1}"
Decoupled,0.8223443223443223,0.9452054794520548,0.6634615384615384,0.7796610169491525,0.3269230769230769,0.8095238095238095,0.4657534246575343,0.5683683156967163,"{'lr': 0.01, 'hidden_dim': 64, 'num_layers': 4, 'lambda_aux': 0.1}"
Decoupled,0.7999006951340615,0.958904109589041,0.660377358490566,0.7821229050279329,0.3076923076923077,0.8421052631578947,0.4507042253521127,0.5801976919174194,"{'lr': 0.01, 'hidden_dim': 64, 'num_layers': 4, 'lambda_aux': 0.1}"
Decoupled,0.6381880733944955,0.9285714285714286,0.47706422018348627,0.6303030303030303,0.17391304347826086,0.75,0.2823529411764706,0.6968095898628235,"{'lr': 0.01, 'hidden_dim': 64, 'num_layers': 4, 'lambda_aux': 0.1}"
Decoupled,0.8367166813768755,0.9811320754716981,0.5048543689320388,0.6666666666666666,0.2916666666666667,0.9545454545454546,0.4468085106382979,0.6030170917510986,"{'lr': 0.01, 'hidden_dim': 64, 'num_layers': 4, 'lambda_aux': 0.1}"
Decoupled,0.8786630036630036,0.9818181818181818,0.5192307692307693,0.679245283018868,0.2857142857142857,0.9523809523809523,0.4395604395604395,0.5598394274711609,"{'lr': 0.01, 'hidden_dim': 64, 'num_layers': 4, 'lambda_aux': 0.1}"
Decoupled,0.819047619047619,0.9666666666666667,0.5523809523809524,0.7030303030303031,0.27692307692307694,0.9,0.42352941176470593,0.6601381897926331,"{'lr': 0.01, 'hidden_dim': 64, 'num_layers': 4, 'lambda_aux': 0.01}"
Decoupled,0.8042857142857143,0.9375,0.5714285714285714,0.7100591715976331,0.26229508196721313,0.8,0.39506172839506176,0.5938757061958313,"{'lr': 0.01, 'hidden_dim': 64, 'num_layers': 4, 'lambda_aux': 0.01}"
Decoupled,0.736111111111111,0.9846153846153847,0.5470085470085471,0.7032967032967034,0.11666666666666667,0.875,0.20588235294117646,0.6439985036849976,"{'lr': 0.01, 'hidden_dim': 64, 'num_layers': 4, 'lambda_aux': 0.01}"
Decoupled,0.7630718954248366,1.0,0.4351851851851852,0.6064516129032258,0.21794871794871795,1.0,0.3578947368421052,0.7506017088890076,"{'lr': 0.01, 'hidden_dim': 64, 'num_layers': 4, 'lambda_aux': 0.01}"
Decoupled,0.7908622908622909,0.9836065573770492,0.5405405405405406,0.6976744186046512,0.203125,0.9285714285714286,0.3333333333333333,0.6321495771408081,"{'lr': 0.01, 'hidden_dim': 64, 'num_layers': 4, 'lambda_aux': 0.01}"
Decoupled,0.8186813186813187,0.9436619718309859,0.6442307692307693,0.7657142857142857,0.3148148148148148,0.8095238095238095,0.4533333333333333,0.5694657564163208,"{'lr': 0.01, 'hidden_dim': 64, 'num_layers': 4, 'lambda_aux': 0.01}"
Decoupled,0.817279046673287,0.9565217391304348,0.6226415094339622,0.7542857142857143,0.2857142857142857,0.8421052631578947,0.4266666666666667,0.5640400052070618,"{'lr': 0.01, 'hidden_dim': 64, 'num_layers': 4, 'lambda_aux': 0.01}"
Decoupled,0.6330275229357799,0.9333333333333333,0.5137614678899083,0.6627218934911242,0.18461538461538463,0.75,0.29629629629629634,0.6999538540840149,"{'lr': 0.01, 'hidden_dim': 64, 'num_layers': 4, 'lambda_aux': 0.01}"
Decoupled,0.8265666372462489,0.98,0.47572815533980584,0.6405228758169935,0.28,0.9545454545454546,0.43298969072164956,0.6111229062080383,"{'lr': 0.01, 'hidden_dim': 64, 'num_layers': 4, 'lambda_aux': 0.01}"
Decoupled,0.8777472527472527,0.9814814814814815,0.5096153846153846,0.6708860759493671,0.28169014084507044,0.9523809523809523,0.4347826086956522,0.5654502511024475,"{'lr': 0.01, 'hidden_dim': 64, 'num_layers': 4, 'lambda_aux': 0.01}"
